SSN,email
966304187,tincidunt.congue.turpis@hotmail.edu
913095181,donec@outlook.couk
333434123,fermentum.risus.at@hotmail.edu
712254070,maecenas.iaculis@outlook.ca
959050769,ac.risus@protonmail.com
899007551,mauris.elit@protonmail.org
907000664,amet.ornare.lectus@google.edu
547793560,auctor@protonmail.edu
326102893,tortor.nibh@icloud.net
513066826,senectus.et@yahoo.net
734149419,a.dui@yahoo.org
253517458,nisl.quisque@google.net
388786977,risus.donec.egestas@icloud.com
741089778,lectus@yahoo.couk
171385776,mauris.molestie.pharetra@yahoo.ca
910744651,luctus.et.ultrices@protonmail.com
880884984,dolor@google.ca
233161116,mauris@aol.edu
415935982,netus.et.malesuada@yahoo.ca
348293097,interdum.feugiat@protonmail.com
349111826,eleifend.nec.malesuada@aol.org
716973773,eu.elit@aol.net
724611875,velit.justo@yahoo.com
205875435,urna.et@icloud.net
321091264,arcu.curabitur@yahoo.org
365914529,sit.amet@outlook.com
620252714,urna.nec.luctus@outlook.couk
386715852,egestas.a.scelerisque@hotmail.com
718548093,suspendisse.aliquet@outlook.ca
605137487,diam.nunc@outlook.com
119128423,nunc.commodo@protonmail.net
957971544,porttitor@google.edu
258393762,ut.mi@protonmail.edu
923449179,sem.semper.erat@protonmail.org
133207404,curabitur.vel@icloud.edu
953752966,massa.mauris@outlook.com
343396846,vulputate@outlook.edu
108516784,ornare.facilisis@google.ca
143137637,eget.mollis@icloud.net
140473578,metus@hotmail.net
118010163,ante.vivamus.non@yahoo.edu
207968055,ligula.eu@icloud.edu
215959645,consectetuer.adipiscing@icloud.org
223938018,condimentum@aol.edu
594704122,ullamcorper@protonmail.org
991901646,fermentum.convallis@icloud.ca
152651509,sed.et@icloud.com
256154723,leo@icloud.couk
345014468,sed.turpis@yahoo.ca
841954765,aliquet@outlook.org
275388828,lectus@protonmail.net
896335158,augue@yahoo.ca
775001899,risus@google.org
629775466,cum.sociis@yahoo.net
228299180,sed.pede.nec@outlook.net
453370498,blandit@aol.net
758211912,mi.enim.condimentum@google.couk
686796515,sed.neque@protonmail.org
580229478,dictum@google.ca
282700395,sodales@icloud.edu
271305126,enim.curabitur.massa@hotmail.org
138801319,in.magna.phasellus@yahoo.couk
366425526,enim.consequat.purus@yahoo.couk
717853756,dapibus.rutrum@google.couk
973283106,justo.eu@google.couk
322759306,nibh.dolor@yahoo.couk
870740260,interdum.enim@protonmail.net
725716115,egestas.aliquam@yahoo.couk
367563983,leo.in@yahoo.couk
841631809,mauris.ut.mi@outlook.couk
461422590,lorem.ut@aol.net
184151727,nulla@icloud.org
662989035,ut.tincidunt@protonmail.org
557420129,ornare.in@icloud.com
459141325,mauris.sit.amet@icloud.com
785497520,id@aol.com
457619818,vulputate@hotmail.com
689099959,auctor@protonmail.com
568584842,sociis.natoque@protonmail.couk
195268348,pharetra.ut.pharetra@protonmail.com
919930993,praesent.interdum@yahoo.couk
491875161,donec.egestas@protonmail.ca
132055620,felis@protonmail.com
319838381,elit.sed@outlook.ca
967785609,lacus.etiam@google.couk
903643593,phasellus.elit@protonmail.edu
645009928,condimentum.eget@protonmail.couk
681319206,quis.pede.praesent@google.net
594776032,velit.cras@aol.couk
614774365,tortor.nunc@google.com
139101313,placerat.orci.lacus@protonmail.com
275088549,hymenaeos@protonmail.couk
254892338,pellentesque.ultricies@hotmail.couk
710567564,elit.curabitur@aol.org
836283971,cursus.in.hendrerit@icloud.ca
975489369,aliquet.odio@hotmail.net
950010164,etiam.gravida.molestie@outlook.couk
197334683,nibh.quisque@google.ca
440899060,ut.nisi@yahoo.couk
967002490,nullam.ut.nisi@protonmail.org