supplies_to_center_name,supplies_to_store_ID
Tate distribution center,8561589740
Palmer distribution center,8153638901
Theodore distribution center,3445452947
Bevis distribution center,7699260318
Elijah distribution center,4301437362
Quentin distribution center,7153004966
Vernon distribution center,7541932769
Uriel distribution center,8678329502
Axel distribution center,3742400125
Tobias distribution center,7932825071
Channing distribution center,3672755599
Kasper distribution center,6671111634
Ira distribution center,9577197083
Brian distribution center,3014095878
Jonas distribution center,8308691285
Mohammad distribution center,4755009591
Finn distribution center,1970469082
Hop distribution center,7754005817
Brennan distribution center,7721109811
Ryder distribution center,6632977824
Calvin distribution center,8851168841
Galvin distribution center,1502874968
Leo distribution center,8711585922
Armand distribution center,3059788396
Jakeem distribution center,6280835535
Magee distribution center,4007043810
Rahim distribution center,2136047365
Grant distribution center,9321355627
Xander distribution center,2976194692
Chadwick distribution center,5101063922
Leonard distribution center,4909785420
Mason distribution center,3536636226
Denton distribution center,2156965527
Dante distribution center,2146656459
Addison distribution center,4082325230
Hall distribution center,2328067173
Macon distribution center,6906603893
Marshall distribution center,7230536835
Charles distribution center,5590824541
Dolan distribution center,3650145321
Norman distribution center,8768336145
Elton distribution center,6352118557
Dante distribution center,7273038824
Hedley distribution center,1489053773
Gavin distribution center,6962523910
Peter distribution center,7015582268
Tucker distribution center,7909580464
Eaton distribution center,4453407464
Blake distribution center,3709099684
Baxter distribution center,9830306107
Michael distribution center,3902867798
Peter distribution center,5654436422
Darius distribution center,7391091881
Martin distribution center,6861403025
Guy distribution center,5480226134
Declan distribution center,2425890145
Clinton distribution center,8246391702
Oscar distribution center,2650439148
Tobias distribution center,7127935977
Steel distribution center,3590090998
Kaseem distribution center,3032599307
Nehru distribution center,6256893525
Arthur distribution center,5606717785
Perry distribution center,3650011098
Brent distribution center,3525797802
Xenos distribution center,7494132555
Ezra distribution center,9736631783
Donovan distribution center,4908392865
Zeus distribution center,8916718502
Ezra distribution center,3878443583
Hakeem distribution center,3998396285
Tiger distribution center,6860385977
Cairo distribution center,5813056150
Daniel distribution center,9305540422
Elmo distribution center,6085131358
Barry distribution center,5746556144
Maxwell distribution center,1879081191
Walter distribution center,2499555153
Colby distribution center,3229584151
Walker distribution center,1094499686
Lewis distribution center,6510183891
Dennis distribution center,5503703720
Jerome distribution center,2134953396
Alfonso distribution center,2346665825
Caesar distribution center,2673263009
Omar distribution center,8097660154
Denton distribution center,3500676712
Holmes distribution center,3009913023
Ian distribution center,3893591947
Acton distribution center,2746628069
Hayes distribution center,6048157610
Cain distribution center,4175811532
Nolan distribution center,2187792609
Alan distribution center,7877967891
Wesley distribution center,1511624852
Denton distribution center,5734496194
Lewis distribution center,1055005174
Chase distribution center,3687899368
Zachary distribution center,9266034587
Ishmael distribution center,1223458727