warehouse_name,warehouse_phonenumber,warehouse_state,warehouse_city,warehouse_pincode
Lance warehouse,9067303268, Alabama ,Richmond,23891
Matthew warehouse,9677839402, Alaska ,Henderson,36437
Lucius warehouse,8781707692, Arizona ,Fayetteville,47272
Uriah warehouse,9184894303, Arkansas ,Little Rock,36714
Elaine warehouse,9080457417, California ,Rockville,25647
Doris warehouse,9630687863, Colorado ,Colorado Springs,81741
Kasper warehouse,9427167101, Connecticut ,Nampa,95378
Dominic warehouse,9203073172, Delaware ,Lexington,18722
Trevor warehouse,9392274995, Florida ,Kaneohe,44339
Jillian warehouse,9894863129, Georgia ,Fairbanks,26960
Ashely warehouse,8691855610, Hawaii ,Des Moines,90651
Eaton warehouse,8742571993, Idaho ,Wichita,78441
Steel warehouse,9830116018, Illinois ,Hilo,62294
Samson warehouse,8747177340, Indiana ,Worcester,74105
Olivia warehouse,9514510760, Iowa ,Phoenix,99328
Lareina warehouse,8796128161, Kansas ,Tucson,35472
Naomi warehouse,9878262660, Kentucky[E] ,Madison,57213
Pascale warehouse,9253633561, Louisiana ,New Haven,95672
Barbara warehouse,8523344947, Maine ,Mobile,46473
Reece warehouse,9105612377, Maryland ,Bear,67534
Janna warehouse,9856053622, Massachusetts[E] ,College,14861
Kennan warehouse,9190297596, Michigan ,Detroit,68471
Martina warehouse,8716973314, Minnesota ,Colchester,54352
Jacqueline warehouse,9484866554, Mississippi ,Provo,86548
Karleigh warehouse,8976876889, Missouri ,Topeka,88068
Delilah warehouse,8676336271, Montana ,Green Bay,69814
Pandora warehouse,9279132150, Nebraska ,Kansas City,13939
Petra warehouse,9117941967, Nevada ,Kearney,81054
Desiree warehouse,9993262482, New Hampshire ,Las Vegas,48103
Roth warehouse,9529286840, New Jersey ,Worcester,99647
Ariel warehouse,9155896349, New Mexico ,Fairbanks,43158
Kylee warehouse,8647730145, New York ,Casper,75619
Chava warehouse,8869271747, North Carolina ,Davenport,65472
Magee warehouse,9456191513, North Dakota ,Eugene,99902
Bree warehouse,9859218981, Ohio ,College,99865
Imani warehouse,9050729232, Oklahoma ,Joliet,35113
Aurelia warehouse,9316934202, Oregon ,Frankfort,62345
Carl warehouse,9125042808, Pennsylvania[E] ,Butte,52424
Emmanuel warehouse,9202441856, Rhode Island[F] ,Lowell,66687
Ila warehouse,9328274112, South Carolina ,Mobile,86351
Chaney warehouse,8775508434, South Dakota ,Bloomington,25226
Kevin warehouse,9042392551, Tennessee ,Essex,88611
Myles warehouse,8983932935, Texas ,Seattle,40724
Noble warehouse,8818901995, Utah ,Augusta,77751
Shelley warehouse,8716911541, Vermont ,Tuscaloosa,43802
Howard warehouse,9050471599, Virginia[E] ,Springfield,32542
Shelley warehouse,8523089614, Washington ,Fort Smith,29576
Madaline warehouse,9805379897, West Virginia ,Chicago,99828
Fitzgerald warehouse,8810769482, Wisconsin ,Fairbanks,55187
Hop warehouse,8685723297, Wyoming ,Miami,32131