works_at_SSN,works_at_warehouse_name,works_at_center_name,works_at_store_ID
393075267,Lance warehouse,Tate distribution center,8561589740
835550579,Matthew warehouse,Palmer distribution center,8153638901
441890035,Lucius warehouse,Theodore distribution center,3445452947
132140743,Uriah warehouse,Bevis distribution center,7699260318
680748791,Elaine warehouse,Elijah distribution center,4301437362
319781205,Doris warehouse,Quentin distribution center,7153004966
958645575,Kasper warehouse,Vernon distribution center,7541932769
901713190,Dominic warehouse,Uriel distribution center,8678329502
910905164,Trevor warehouse,Axel distribution center,3742400125
821197425,Jillian warehouse,Tobias distribution center,7932825071
103764797,Ashely warehouse,Channing distribution center,3672755599
876556717,Eaton warehouse,Kasper distribution center,6671111634
617659051,Steel warehouse,Ira distribution center,9577197083
864876147,Samson warehouse,Brian distribution center,3014095878
619758732,Olivia warehouse,Jonas distribution center,8308691285
561527265,Lareina warehouse,Mohammad distribution center,4755009591
499570336,Naomi warehouse,Finn distribution center,1970469082
671088547,Pascale warehouse,Hop distribution center,7754005817
376320543,Barbara warehouse,Brennan distribution center,7721109811
874933077,Reece warehouse,Ryder distribution center,6632977824
175747149,Janna warehouse,Calvin distribution center,8851168841
207365672,Kennan warehouse,Galvin distribution center,1502874968
995164199,Martina warehouse,Leo distribution center,8711585922
217496642,Jacqueline warehouse,Armand distribution center,3059788396
158324151,Karleigh warehouse,Jakeem distribution center,6280835535
435736999,Delilah warehouse,Magee distribution center,4007043810
921738845,Pandora warehouse,Rahim distribution center,2136047365
483591038,Petra warehouse,Grant distribution center,9321355627
635215847,Desiree warehouse,Xander distribution center,2976194692
731416579,Roth warehouse,Chadwick distribution center,5101063922
746550226,Ariel warehouse,Leonard distribution center,4909785420
620537123,Kylee warehouse,Mason distribution center,3536636226
400030566,Chava warehouse,Denton distribution center,2156965527
144406148,Magee warehouse,Dante distribution center,2146656459
181233190,Bree warehouse,Addison distribution center,4082325230
580878815,Imani warehouse,Hall distribution center,2328067173
942773570,Aurelia warehouse,Macon distribution center,6906603893
245700268,Carl warehouse,Marshall distribution center,7230536835
887592570,Emmanuel warehouse,Charles distribution center,5590824541
262711725,Ila warehouse,Dolan distribution center,3650145321
805609337,Chaney warehouse,Norman distribution center,8768336145
959868972,Kevin warehouse,Elton distribution center,6352118557
978444821,Myles warehouse,Dante distribution center,7273038824
216769791,Noble warehouse,Hedley distribution center,1489053773
947844598,Shelley warehouse,Gavin distribution center,6962523910
820491031,Howard warehouse,Peter distribution center,7015582268
598909253,Shelley warehouse,Tucker distribution center,7909580464
575694872,Madaline warehouse,Eaton distribution center,4453407464
798998407,Fitzgerald warehouse,Blake distribution center,3709099684
997866891,Hop warehouse,Baxter distribution center,9830306107
894028195,,Michael distribution center,3902867798
232786448,,Peter distribution center,5654436422
705249369,,Darius distribution center,7391091881
393473128,,Martin distribution center,6861403025
721961459,,Guy distribution center,5480226134
683766380,,Declan distribution center,2425890145
731405171,,Clinton distribution center,8246391702
764000422,,Oscar distribution center,2650439148
588517606,,Tobias distribution center,7127935977
938176807,,Steel distribution center,3590090998
613278133,,Kaseem distribution center,3032599307
330738662,,Nehru distribution center,6256893525
681439395,,Arthur distribution center,5606717785
142472131,,Perry distribution center,3650011098
393275553,,Brent distribution center,3525797802
654004856,,Xenos distribution center,7494132555
298816753,,Ezra distribution center,9736631783
866306706,,Donovan distribution center,4908392865
168410047,,Zeus distribution center,8916718502
672647107,,Ezra distribution center,3878443583
410129780,,Hakeem distribution center,3998396285
591212617,,Tiger distribution center,6860385977
271206159,,Cairo distribution center,5813056150
714184243,,Daniel distribution center,9305540422
398941547,,Elmo distribution center,6085131358
707443912,,Barry distribution center,5746556144
663130263,,Maxwell distribution center,1879081191
193346824,,Walter distribution center,2499555153
522163144,,Colby distribution center,3229584151
367890680,,Walker distribution center,1094499686
438000361,,Lewis distribution center,6510183891
498341875,,Dennis distribution center,5503703720
192966449,,Jerome distribution center,2134953396
874367214,,Alfonso distribution center,2346665825
156629323,,Caesar distribution center,2673263009
930755570,,Omar distribution center,8097660154
324653475,,Denton distribution center,3500676712
367497991,,Holmes distribution center,3009913023
198831727,,Ian distribution center,3893591947
304580799,,Acton distribution center,2746628069
373694309,,Hayes distribution center,6048157610
367524878,,Cain distribution center,4175811532
452192139,,Nolan distribution center,2187792609
889698704,,Alan distribution center,7877967891
247122001,,Wesley distribution center,1511624852
589680854,,Denton distribution center,5734496194
203408189,,Lewis distribution center,1055005174
795686755,,Chase distribution center,3687899368
435138396,,Zachary distribution center,9266034587
121237434,,Ishmael distribution center,1223458727